<?xml version="1.0" encoding="UTF-8"?>
<project-private xmlns="http://www.netbeans.org/ns/project-private/1">
    <editor-bookmarks xmlns="http://www.netbeans.org/ns/editor-bookmarks/2" lastBookmarkId="0"/>
    <open-files xmlns="http://www.netbeans.org/ns/projectui-open-files/2">
        <group>
            <file>file:/E:/PIC/PIC_Drivers.X/application.c</file>
            <file>file:/E:/PIC/PIC_Drivers.X/MCAL/Interrupt/mcal_interrupt_config.h</file>
            <file>file:/E:/PIC/PIC_Drivers.X/ECU/LED/ECU_LED.c</file>
            <file>file:/E:/PIC/PIC_Drivers.X/MCAL/Interrupt/mcal_interrupt_manager.c</file>
            <file>file:/E:/PIC/PIC_Drivers.X/MCAL/Interrupt/mcal_exernal_interrupt.h</file>
            <file>file:/E:/PIC/PIC_Drivers.X/application.h</file>
            <file>file:/E:/PIC/PIC_Drivers.X/MCAL/Interrupt/mcal_interrupt_manager.h</file>
            <file>file:/E:/PIC/PIC_Drivers.X/MCAL/Interrupt/mcal_external_interrupt.c</file>
        </group>
    </open-files>
</project-private>
